,Quantile,risk_aversion,Target,knn,cart,rf,Ave,Insample,SalvaBench,CRPS,DF_0,DF_0.1,DF_1,CRPS-LR,CRPS-MLP,SalvaBench-LR,SalvaBench-MLP,DF-LR_0,DF-MLP_0,DF-LR_0.1,DF-MLP_0.1,DF-LR_1,DF-MLP_1
0,0.8,0.5,Z1,9.135136183948061,9.36885239428768,9.037793485837929,9.004206967146335,9.00270982181272,9.006716502825086,8.998228497791045,8.996942618379409,8.996400460251554,8.995835056747962,8.99813608555166,8.99771170795836,8.991867173676651,8.99327176344902,9.000719510726398,9.005896475833449,8.999629024864971,9.012928554559032,8.997372260564735,9.009499425129942
1,0.8,0.5,Z2,8.212497699289157,8.519966603709829,8.235234647886994,8.166166649529142,8.16301964146984,8.156737142180551,8.155435754146053,8.15934304012302,8.162968666067846,8.15036986785839,8.147066791222777,8.14863687171583,8.177004510011738,8.231742109832922,8.158524491442085,8.161717569625035,8.160734918824893,8.18143290803477,8.158309372880609,8.169988953903589
2,0.8,0.5,Z3,8.452031062996408,8.52910485309969,8.322290674386876,8.262182335596288,8.261778749316994,8.263945374035615,8.261753874574346,8.262585532690174,8.262665232756964,8.261497438501404,8.271363364372935,8.26119681641437,8.294815133951523,8.315700432851541,8.263351187902492,8.290992044662387,8.265328572717936,8.2919180762138,8.253863909779538,8.28072221864115
3,0.8,0.5,Z4,8.522214122511155,8.931079094923659,8.52350570568106,8.519455724807361,8.516385300549844,8.480335321722324,8.478993774236201,8.47854664248611,8.480663700053096,8.480531930818653,8.48376285012064,8.472158674898978,8.514750653993348,8.518460125715272,8.48221747742451,8.486180339343132,8.502687967708422,8.482520584574589,8.518800057028226,8.48249865767786
