,Quantile,risk_aversion,Target,knn,rf,clim,Ave,Insample,SalvaBench,CRPS,CRPS-LR,CRPS-MLP,SalvaBench-LR,SalvaBench-MLP
0,0.2,0.5,Z1,4.243814985476167,4.804489834355497,8.858848369432346,4.809425140820281,4.480657533455089,4.239506296151319,4.253889601245889,4.33357382222333,4.243812014998586,4.256849597278619,4.254737679892584
