,Quantile,risk_aversion,Target,knn,cart,rf,Ave,Insample,SalvaBench,CRPS,DF_0,DF_0.1,DF_1,CRPS-LR,CRPS-MLP,SalvaBench-LR,SalvaBench-MLP,DF-LR_0,DF-MLP_0,DF-LR_0.1,DF-MLP_0.1,DF-LR_1,DF-MLP_1
0,0.8,0.5,Z1,4.491806737916749,4.690076273653656,4.46204040338242,4.454660175209018,4.453012613546943,4.441656088925748,4.4406576386389185,4.448062269801421,4.446935287022384,4.445711899450785,4.445345805664666,4.441398597274443,4.439270999307529,4.440694931286507,4.440659940518876,4.441088131514351,4.4426120455224,4.445006799123337,4.440671683703204,4.436642503305185
1,0.8,0.5,Z2,3.897955035297265,4.0757692347421495,3.880015358209728,3.879101799841915,3.87644921721844,3.8599588623502394,3.8652784699469827,3.8674443857521226,3.8696446185697733,3.8656446184084383,3.863955180038797,3.8626790170641816,3.865445839904711,3.892276681158306,3.8721781767703316,3.8694872248634735,3.8715741668370414,3.875226814608744,3.8698759325860532,3.8718291461461884
2,0.8,0.5,Z3,3.840389055227932,3.9051697349559844,3.766090050412066,3.744030626451493,3.743380083837364,3.74088712729234,3.738250452143551,3.7417865888837163,3.741534439960234,3.742072383705926,3.745206602514179,3.7408701790055003,3.7586441568745075,3.769080801436181,3.7420322792243237,3.7566161556173974,3.7436762800927346,3.750846426089737,3.737442826945366,3.7492526845585585
3,0.8,0.5,Z4,4.252289386856455,4.517176793195801,4.255085687553499,4.259292407654049,4.257286249367261,4.229946405775639,4.229936666251119,4.228932477857442,4.2309736887210905,4.2317184700692385,4.234155539298596,4.227322776207425,4.257161959854192,4.258669392077393,4.233814501165246,4.237186636987213,4.2464293046925645,4.234619645097179,4.258415213448519,4.232607976447366
