,Quantile,risk_aversion,Target,knn,cart,rf,Ave,Insample,SalvaBench,CRPS,CRPS-LR,CRPS-MLP,SalvaBench-LR,SalvaBench-MLP
0,0.8,0.5,Z1,9.135136183948061,9.36885239428768,9.037793485837929,9.004206967146335,9.002709821812786,9.006716502797525,8.998227988877888,8.995614032185765,8.9956462261507,9.004674559256168,8.995601155690029
1,0.8,0.5,Z2,8.212497699289157,8.519966603709829,8.235234647886994,8.166166649529142,8.16301964146983,8.156737142162305,8.155435694988373,8.155038579100689,8.149949397675668,8.150779130012992,8.222158535698746
2,0.8,0.5,Z3,8.452031062996408,8.52910485309969,8.322290674386876,8.262182335596288,8.26177874931676,8.263945374036002,8.261753906199209,8.260015586808017,8.278751696660926,8.300998498192607,8.317796565429342
3,0.8,0.5,Z4,8.522214122511155,8.931079094923659,8.52350570568106,8.519455724807361,8.516385300547434,8.480335321669802,8.478979955840316,8.485565093119387,8.482814838991578,8.483782183650945,8.515218025919628
4,0.8,0.5,Z5,8.858339884125769,9.221070787894504,8.968328456144329,8.893251015731565,8.890827232355129,8.849463829208135,8.848436642322783,8.851281439041907,8.852036654002415,8.84381575131304,8.853585050154646
5,0.8,0.5,Z6,9.386986907481958,9.814254893130888,9.36228029489682,9.353090688480288,9.347759769865265,9.323288867491884,9.33046985007401,9.316964989600205,9.320286242569018,9.319764419467177,9.320285522891039
6,0.8,0.5,Z7,6.855558664726363,7.272648832129066,6.875395249676621,6.870665378545315,6.864757158099627,6.821838190463661,6.819992944906677,6.820905346187113,6.826488436072619,6.826855921495259,6.8287436186148245
7,0.8,0.5,Z8,8.165961243789216,8.610378584134669,8.203911876586112,8.181872929146135,8.176055218735593,8.13884241979475,8.111466066701226,8.136571234910722,8.131203501128866,8.158297947526835,8.13621529618196
8,0.8,0.5,Z9,7.991687509066839,8.364384274954933,8.115102076720698,8.019300189183594,8.016498765006274,7.983062790159401,7.975434766020426,7.976127201881264,7.982960048446226,7.9796261472466155,7.993963431265505
