,Quantile,risk_aversion,Target,knn,cart,rf,Ave,Insample,SalvaBench,CRPS,DF_0,DF_0.1,DF_1,CRPS-LR,CRPS-MLP,SalvaBench-LR,SalvaBench-MLP,DF-LR_0,DF-MLP_0,DF-LR_0.1,DF-MLP_0.1,DF-LR_1,DF-MLP_1
0,0.9,0.5,Z1,9.135136183948061,9.36885239428768,9.037793485837929,9.004206967146335,9.002705154270199,9.00725257521478,8.998228497791045,8.997989330382648,8.997324404646626,8.99543350430708,8.997344296399307,9.029656531904347,8.99713632506377,9.000248351702691,8.996201805365088,8.997887983250482,8.994200305403373,8.994449158274644,8.992999041573398,8.995393583877126
1,0.9,0.5,Z2,8.212497699289157,8.519966603709829,8.235234647886994,8.166166649529142,8.16289655099879,8.157969354208982,8.155435754146053,8.154880522222072,8.153450463599915,8.153896437444416,8.155208207677601,8.172169813580355,8.156474241201622,8.201963439656875,8.148168808318816,8.164322800616192,8.155088857598441,8.14520703853456,8.156253172705663,8.174482614981642
2,0.9,0.5,Z3,8.452031062996408,8.52910485309969,8.322290674386876,8.262182335596288,8.261686685016148,8.261800309975284,8.261753874574346,8.255939899505403,8.258641670488018,8.259059733011982,8.262582150379048,8.282274324617093,8.320121916291304,8.355618875802504,8.27404592596009,8.301453130355808,8.266978394066252,8.264673463939708,8.258204050126182,8.277874421216875
3,0.9,0.5,Z4,8.522214122511155,8.931079094923659,8.52350570568106,8.519455724807361,8.516454286127956,8.480908735617588,8.478993774236201,8.4847781151023,8.482882729540254,8.483255313923554,8.479893086482283,8.481476890703963,8.480226152333579,8.490594554611837,8.498256041307805,8.499536213473283,8.516126680098575,8.495384358030268,8.514868408425656,8.487164442443232
