,Quantile,risk_aversion,Target,knn,rf,clim,Ave,Insample,SalvaBench,CRPS,CRPS-LR,CRPS-MLP,SalvaBench-LR,SalvaBench-MLP
0,0.8,0.5,Z1,0.09135136183948062,0.09032895676922806,0.15689063633201925,4.999893646474746,4.606599340610787,4.442225777165956,4.478331676809548,4.449258841843506,4.521980821194701,4.450886904663716,4.44564667317187
1,0.8,0.5,Z1,9.135136183948061,9.032895676922806,15.689063633201924,4.999893646474746,4.606599340610787,4.442225777165956,4.478331676809548,4.449258841843506,4.521980821194701,4.450886904663716,4.44564667317187
2,0.8,0.5,Z1,9.135136183948061,9.032895676922806,15.689063633201924,9.772308016341952,9.232336998968133,9.021247519572,9.054503702104832,9.021114046487495,9.113720347989918,9.021955953926783,9.022603732552682
