,Quantile,risk_aversion,Target,knn,cart,rf,Ave,Insample,SalvaBench,CRPS,DF_0,DF_0.1,DF_1,CRPS-LR,CRPS-MLP,SalvaBench-LR,SalvaBench-MLP,DF-LR_0,DF-MLP_0,DF-LR_0.1,DF-MLP_0.1,DF-LR_1,DF-MLP_1
0,0.9,0.5,Z1,4.126819089368594,4.316595519334218,4.099157175264578,4.085001182196109,4.083575175727456,4.077260929999616,4.0767635035966086,4.075568852590907,4.075552028505079,4.075511763622252,4.072330971364944,4.074844587217038,4.078169132583018,4.079970538896413,4.074709796291708,4.075588954501687,4.073141742033039,4.072061845740429,4.074454916796593,4.072482631029241
1,0.9,0.5,Z2,3.5724720179153215,3.740744268044358,3.5466841150598256,3.549723131176668,3.54759787316119,3.5344024545592725,3.5366487543763983,3.53594837710763,3.5358251605343423,3.536209047434687,3.540258636827042,3.537273688683211,3.5357523246988016,3.552574584458082,3.535764408661943,3.5315595065419774,3.538066392983204,3.5298345074803477,3.5376491338208362,3.5297210116483804
2,0.9,0.5,Z3,3.4698915399676995,3.532231639279394,3.3919007267767904,3.370746307821483,3.370679055664548,3.366483312043642,3.3665758262300853,3.3664153400386234,3.3664697256457177,3.3657065904893537,3.372409090498206,3.377394969978783,3.396659486101335,3.4086109622539342,3.3659447307753436,3.3715114569651927,3.3678095905535193,3.3710249242351087,3.374113344905029,3.3717630090676174
3,0.9,0.5,Z4,3.916589554790518,4.170001499703375,3.918365747626209,3.922942298261604,3.9213167708331262,3.8971652042295344,3.8971496068094926,3.9002852030859096,3.895493119666428,3.894098604200337,3.913507556749863,3.911400187746798,3.910031198029057,3.9049333923659253,3.9105467804176257,3.909297507151923,3.9152751970392403,3.916822231946952,3.9112043458363943,3.9113637989503265
