,Quantile,risk_aversion,Target,knn,cart,rf,Ave,Insample,SalvaBench,CRPS,DF_0,DF_0.1,DF_1,CRPS-LR,CRPS-MLP,SalvaBench-LR,SalvaBench-MLP,DF-LR_0,DF-MLP_0,DF-LR_0.1,DF-MLP_0.1,DF-LR_1,DF-MLP_1
0,0.9,0.5,Z1,4.126819089368594,4.316595519334218,4.099157175264578,4.085001182196109,4.083575175727456,4.077260929999616,4.0767635035966086,4.078099794268315,4.0777574617233014,4.075813196378846,4.07830571797523,4.096926874852802,4.079745795131731,4.0827447025053285,4.071574251568598,4.071701187064498,4.07634104247306,4.07432391015366,4.073022528690143,4.075414190646604
1,0.9,0.5,Z2,3.5724720179153215,3.740744268044358,3.5466841150598256,3.549723131176668,3.54759787316119,3.5344024545592725,3.5366487543763983,3.5367376733505442,3.5361910700788113,3.5382724636941485,3.5443953097881535,3.5528254967205615,3.5351610138204466,3.548615064512423,3.535824200866718,3.5404097310444813,3.5379177523366985,3.5332708313551064,3.5420227991227273,3.548004792422202
2,0.9,0.5,Z3,3.4698915399676995,3.532231639279394,3.3919007267767904,3.370746307821483,3.370679055664548,3.366483312043642,3.3665758262300853,3.366705649397803,3.3680997802836634,3.3676025968862584,3.368509535643349,3.3788671346805104,3.401494525781729,3.4203709047855178,3.374761959519601,3.3915380325863573,3.368719112967817,3.3679062171467407,3.3648281702881304,3.3730591313535037
3,0.9,0.5,Z4,3.916589554790518,4.170001499703375,3.918365747626209,3.922942298261604,3.9213167708331262,3.8971652042295344,3.8971496068094926,3.901479865510992,3.9004281853508385,3.9006406106958047,3.8970929141203885,3.898832936512852,3.8981057235295125,3.9044245940219144,3.910719336352956,3.907339982330593,3.9215446240488574,3.9087185256186943,3.920444525835448,3.902623192745014
