,Quantile,risk_aversion,Target,knn,cart,rf,Ave,Insample,SalvaBench,CRPS,CRPS-LR,CRPS-MLP,SalvaBench-LR,SalvaBench-MLP
0,0.9,0.5,Z1,4.126819089368642,4.316595519355114,4.099157175288823,4.0850011823127765,4.083575175661479,4.077260929957202,4.076763554825959,4.072815910983383,4.076768621338595,4.079846078398298,4.085308475739059
1,0.9,0.5,Z2,3.5724720179210023,3.7407442680526497,3.5466841150639543,3.5497231312117017,3.547597873163107,3.5344024545111488,3.5366487543327016,3.5440062181121106,3.540803344244999,3.5327848283650183,3.5660391003872425
2,0.9,0.5,Z3,3.469891539916826,3.5322316400009948,3.3919007267378327,3.3707463077816815,3.3706790556807196,3.36648331192453,3.3665758244003197,3.368774468993279,3.3769293647144183,3.398154811546354,3.4035796996969037
3,0.9,0.5,Z4,3.9165896875955104,4.170001499722804,3.9183657475807947,3.9229422983015056,3.9213167708076218,3.8971652041803253,3.8971500218908606,3.9149680308508206,3.8923944448636965,3.8942438478928914,3.891213708333469
