,Quantile,risk_aversion,Target,knn,cart,rf,Ave,Insample,SalvaBench,CRPS,CRPS-LR,CRPS-MLP,SalvaBench-LR,SalvaBench-MLP
0,0.8,0.5,Z1,4.491806737947747,4.690076273665801,4.462040403436322,4.454660175167589,4.453012613468061,4.441656088956633,4.440657587142521,4.442549144464901,4.446449770754597,4.4511179800413485,4.44312685111235
1,0.8,0.5,Z2,3.8979550353119814,4.075769234737289,3.880015358213161,3.8791017998482924,3.876449217186881,3.8599588623362906,3.8652784891289365,3.8696096045216613,3.865499491861964,3.8700204016839885,3.887353922180248
2,0.8,0.5,Z3,3.8403891426207615,3.9051697349414085,3.766090050431039,3.7440306264543843,3.7433800838461395,3.740887127289923,3.73825046124021,3.740923168526137,3.7512076765623585,3.7614820698995874,3.770949896636909
3,0.8,0.5,Z4,4.252289386762646,4.517176793296575,4.255085687472174,4.259292407613047,4.257286249555148,4.229946405904568,4.229936576452048,4.233583430376628,4.232401741132874,4.235143410094174,4.2565115849901405
4,0.8,0.5,Z5,4.2855684542702095,4.511238089481311,4.3479289816341025,4.3193650022811205,4.31792832986467,4.28373193898033,4.286185226888553,4.287325829767651,4.28918398487599,4.280663662455746,4.282078012237707
5,0.8,0.5,Z6,4.645276247346161,4.935646325352031,4.641294877877213,4.653737327618628,4.649663456596048,4.620293001451875,4.620219742108772,4.618984758527671,4.618158450150315,4.6209768076011954,4.6187320556517255
6,0.8,0.5,Z7,3.0286461057000085,3.266271045420243,3.034937207468228,3.0449863459400115,3.040541924719857,3.00754128680418,3.0073824900736934,3.007767931670686,3.009772134103638,3.0094783622448587,3.009913192395613
7,0.8,0.5,Z8,3.840051579078027,4.157479303895245,3.861849005766914,3.8579444048296443,3.853715483827725,3.8201491298840358,3.817421252278255,3.8200072351918113,3.818089313793163,3.831142281974445,3.816571159635211
8,0.8,0.5,Z9,3.560790121118957,3.8446847962221398,3.6689196889645213,3.613785851712685,3.6112606217043437,3.568901892144516,3.5718893205013895,3.5669277476388164,3.575867445361748,3.5742079739727926,3.5764497313624006
