,Quantile,risk_aversion,Target,knn,rf,clim,Ave,Insample,SalvaBench,CRPS,CRPS-LR,CRPS-MLP,SalvaBench-LR,SalvaBench-MLP
0,0.8,0.5,Z1,4.491806737916749,4.455042502376827,9.955425536719527,4.999893646474746,4.606599340610787,4.442225777165956,4.478331676809548,4.449258841843506,4.521980821194701,4.450886904663716,4.44564667317187
1,0.8,0.5,Z1,4.491806737916749,4.455042502376827,9.955425536719527,4.999893646474746,4.606599340610787,4.442225777165956,4.478331676809548,4.449258841843506,4.521980821194701,4.450886904663716,4.44564667317187
2,0.8,0.5,Z1,4.491806737916749,4.455042502376827,9.955425536719527,4.999893646474746,4.606599340610787,4.442225777165956,4.478331676809548,4.449258841843506,4.521980821194701,4.450886904663716,4.44564667317187
