,risk_aversion,Target,knn,cart,rf,Ave,Insample,CRPS,Perfect
0,0.2,2,2294.33260131917,1291.6683933668326,2495.8027887101207,787.8343033665195,783.1101037802262,626.1600825721956,0
