,knn,cart,rf,Ave,Insample,CRPS,DF_0,DF_0.001,DF_0.01
0,1.0,0.0,0.0,0.3333333333333333,0.3325327077027162,0.273052,0.33902144,0.25724813,0.26845536
1,0.0,1.0,0.0,0.3333333333333333,0.3360664401483216,0.46297005,0.3455922,0.5098866,0.5079115
2,0.0,0.0,1.0,0.3333333333333333,0.3314008521489622,0.26397794,0.31538635,0.23286532,0.22363311
