,risk_aversion,Target,knn,cart,rf,Ave,Insample,CRPS,DF_0.01,DF_0.1,DF_0.001,DF_0
0,0.2,2,7.877777778,7.004444444,7.645555556,6.767777778,6.758888889,6.614444444,6.62,6.621111111,6.615555556,6.747777778
