,knn,cart,rf,Ave,invW-0,invW-0.1,invW-1,invW-inf,CRPS,DF_0,DF_0.1,DF_1
0,1.0,0.0,0.0,0.3333333333333333,0.3325327077027162,0.33253270481220515,0.3325326787977512,0.32735984158501796,0.27601784,0.95759565,0.30729756,0.2797242
1,0.0,1.0,0.0,0.3333333333333333,0.3360664401483216,0.3360664467478948,0.3360665061437196,0.3477917177256249,0.391612,0.019352507,0.3495875,0.3862805
2,0.0,0.0,1.0,0.3333333333333333,0.3314008521489622,0.33140084843990003,0.33140081505852925,0.32484844068935714,0.33237016,0.023051828,0.3431149,0.3339953
