,knn,cart,rf,Ave,Insample,CRPS
0,1.0,0.0,0.0,0.3333333333333333,0.3321431831788903,0.2758346
1,0.0,1.0,0.0,0.3333333333333333,0.33693819798117386,0.50448895
2,0.0,0.0,1.0,0.3333333333333333,0.33091861883993584,0.2196764
