,risk_aversion,Target,knn,cart,rf,Ave,Insample,CRPS
0,0.2,2,7.877777777777776,7.663333333333333,7.645555555555554,7.144444444444444,7.141111111111111,7.135555555555555
