,risk_aversion,Target,knn,cart,rf,Ave,Insample,CRPS,DF_0.01,DF_0.1,Perfect,DF_0.001,DF_0
0,0.2,2,394.7886528,426.0345623,433.0235013,292.9274246,292.8385122,295.7544051,295.7212749,295.928972,0,295.5768735,292.8725993
