,risk_aversion,Target,Perfect,knn,cart,rf,Ave,invW-0,invW-0.1,invW-1,invW-inf,CRPS,DF_0,DF_0.1,DF_1
0,0.2,2,1294.231452737705,1469.9404602247266,1375.5331492827866,1436.5302925812841,1469.7566862438525,1469.2826668271855,1469.2826668271855,1469.2826668271855,1468.6176891905736,1463.9446117254097,1466.4405660956284,1460.5454998237703,
1,0.2,2,1294.231452737705,1469.9404602247266,1375.5331492827866,1436.5302925812841,1469.7566862438525,1469.2826668271855,1469.2826668271855,1469.2826668271855,1468.6176891905736,1447.099528639344,1458.71160164959,1448.2485851236336,1447.099528639344
