,risk_aversion,Target,knn,cart,rf,Ave,Insample,CRPS,Perfect
0,0.2,2,18142.89894867711,17628.377095735043,18054.225914753268,18391.806830617807,18392.272571890553,18330.41975174555,13706.280885304439
