,knn,cart,rf,Ave,Insample,CRPS,DF_0.01,DF_0.1,DF_0.001,DF_0
0,1.0,0.0,0.0,0.3333333333333333,0.3308888093040989,0.26100963,0.2707,0.2753,0.25779846,0.32507285
1,0.0,1.0,0.0,0.3333333333333333,0.3401274146883711,0.50985277,0.5051,0.5063,0.5071507,0.34815648
2,0.0,0.0,1.0,0.3333333333333333,0.3289837760075299,0.22913751,0.2242,0.2184,0.23505083,0.32677072
