,risk_aversion,Target,knn,cart,rf,Ave,invW-0,invW-0.001,invW-0.01,invW-inf,CRPS,DF_0,DF_0.1,DF_1,Perfect
0,0.2,2,1469.9404602247266,1375.5331492827866,1436.5302925812841,1469.7566862438525,1469.2826668271855,1469.2826668271855,1469.2826668271855,1468.6176891905736,1445.7613112356557,1429.0908875983605,1442.4699349433058,1442.4769242616119,1294.231452737705
