,knn,cart,rf,Ave,Insample,CRPS,DF_0
0,1.0,0.0,0.0,0.3333333333333333,0.3325327077027162,0.273052,0.33902144
1,0.0,1.0,0.0,0.3333333333333333,0.3360664401483216,0.46297005,0.3455922
2,0.0,0.0,1.0,0.3333333333333333,0.3314008521489622,0.26397794,0.31538635
