,risk_aversion,Target,knn,cart,rf,Ave,Insample,CRPS
0,0.2,2,7.877777777777776,7.004444444444444,7.645555555555554,6.767777777777778,6.762222222222222,6.628888888888889
