,risk_aversion,Target,Perfect,knn,cart,rf,Ave,invW-0,invW-0.1,invW-1,invW-inf,CRPS,DF_0,DF_0.1,DF_1
0,0.2,2,1294.231452737705,1448.394236263661,1357.9989851274206,1436.5302925812841,1450.687896034836,1449.4826065942623,1449.4826065942623,1449.4826065942623,1448.157593897541,1412.6942380020491,1387.6238439856695,,
1,0.2,2,1294.231452737705,1448.394236263661,1357.9989851274206,1436.5302925812841,1450.687896034836,1449.4826065942623,1449.4826065942623,1449.4826065942623,1448.157593897541,1412.6942380020491,1387.6238439856695,1413.4342822554645,1413.2316106086066
