,risk_aversion,Target,knn,cart,rf,Ave,Insample,CRPS,DF_0,DF_0.001,DF_0.01,Perfect
0,0.2,2,18142.89894867711,17628.377095735043,18054.225914753268,18391.806830617807,18392.272571890553,18339.25167970931,18390.97686422653,18304.879568370423,18307.16073796721,13706.280885304439
