,risk_aversion,Target,Perfect,knn,cart,rf,Ave,invW-0,invW-0.1,invW-1,invW-inf,CRPS,DF_0,DF_0.1,DF_1
0,0.2,2,0,1108.0284392335038,1034.0141698766968,966.6924802545434,184.43805824540854,181.94184522415594,181.94184522415594,181.94184522415594,177.31067196073784,275.74600752969565,213.21001250907122,263.4368446634112,265.8440684542484
