,risk_aversion,Target,knn,cart,rf,Ave,invW-0,invW-0.1,invW-1,invW-inf,CRPS,DF_0,DF_0.1,DF_1
0,0.2,2,7.877777777777776,7.004444444444444,7.645555555555554,6.767777777777778,6.762222222222222,6.762222222222222,6.762222222222222,6.748888888888889,6.691111111111111,6.66,,
1,0.2,2,7.877777777777776,7.004444444444444,7.645555555555554,6.767777777777778,6.762222222222222,6.762222222222222,6.762222222222222,6.748888888888889,6.691111111111111,6.66,,
2,0.2,2,7.877777777777776,7.004444444444444,7.645555555555554,6.767777777777778,6.762222222222222,6.762222222222222,6.762222222222222,6.748888888888889,6.691111111111111,7.7666666666666675,6.7411111111111115,6.696666666666667
