,risk_aversion,Target,Perfect,knn,cart,rf,Ave,invW-0,invW-0.1,invW-1,invW-inf,CRPS,DF_0,DF_0.1,DF_1
0,0.2,2,13706.280885304439,18142.89894867711,17628.377095735043,18054.225914753268,18391.806830617807,18392.272571890553,18392.272571890553,18392.272571890553,18388.647320142867,18374.55146111518,18358.6307027316,,
1,0.2,2,13706.280885304439,18142.89894867711,17628.377095735043,18054.225914753268,18391.806830617807,18392.272571890553,18392.272571890553,18392.272571890553,18388.647320142867,18374.55146111518,18358.6307027316,,
2,0.2,2,13706.280885304439,20954.180416979834,20302.841768843064,21055.078384594588,21073.164827933386,21073.215632549505,21073.215632549505,21073.215632549505,21072.453563307703,21068.89724017929,20971.352377228464,21072.91080485278,21069.506895572726
