,risk_aversion,Target,knn,cart,rf,Ave,invW-0,invW-0.1,invW-1,invW-inf,CRPS,DF_0,DF_0.1,DF_1
0,0.2,2,7.821111111111112,6.327777777777779,7.645555555555554,6.4477777777777785,6.4222222222222225,6.4222222222222225,6.4222222222222225,6.398888888888888,6.0888888888888895,6.072222222222222,,
1,0.2,2,7.821111111111112,6.327777777777779,7.645555555555554,6.4477777777777785,6.4222222222222225,6.4222222222222225,6.4222222222222225,6.398888888888888,6.0888888888888895,6.072222222222222,6.087777777777777,6.088888888888889
