,risk_aversion,Target,knn,cart,rf,Ave,invW-0,invW-0.1,invW-1,invW-inf,CRPS,DF_0,DF_0.1,DF_1,Perfect
0,0.2,2,1469.9404602247266,1375.5331492827866,1436.5302925812841,1469.7566862438525,1469.2826668271855,1469.2826668271855,1469.2826668271855,1468.6176891905736,1445.7613112356557,1460.2799986482241,1446.6613482698087,1447.099528639344,1294.231452737705
1,0.2,2,1469.9404602247266,1375.5331492827866,1436.5302925812841,1469.7566862438525,1469.2826668271855,1469.2826668271855,1469.2826668271855,1468.6176891905736,1445.7613112356557,1456.853684818989,1446.4125534822404,1446.781633182377,1294.231452737705
