,risk_aversion,Target,Perfect,knn,cart,rf,Ave,invW-0,invW-0.1,invW-1,invW-inf,CRPS,DF_0,DF_0.1,DF_1
0,0.2,2,0,394.7886527555509,426.0345622990453,433.02350129806956,292.92742463824794,292.83851218581884,292.83851218581884,292.83851218581884,292.9896451571537,293.3240792983131,293.0930273447354,293.0778350429901,
1,0.2,2,0,394.7886527555509,426.0345622990453,433.02350129806956,292.92742463824794,292.83851218581884,292.83851218581884,292.83851218581884,292.9896451571537,298.02742685897675,294.78797146301184,297.19980325820046,298.02742685897675
