,risk_aversion,Target,knn,cart,rf,Ave,Insample,CRPS,Perfect
0,0.2,2,882.8657386697674,708.2739508086433,966.6924802545434,157.5698150059705,155.73068307833128,126.05805085827429,0
