,knn,cart,rf,Ave,invW-0,invW-0.1,invW-1,invW-inf,CRPS,DF_0,DF_0.1,DF_1
0,1.0,0.0,0.0,0.3333333333333333,0.3308888093040989,0.3308887879387866,0.3308885956626168,0.32735984158501796,0.23583835,0.312279,0.24008088,0.23583716
1,0.0,1.0,0.0,0.3333333333333333,0.3401274146883711,0.34012746123321347,0.3401278801113566,0.3477917177256249,0.5545963,0.46889675,0.54628855,0.5545986
2,0.0,0.0,1.0,0.3333333333333333,0.3289837760075299,0.32898375082799974,0.32898352422602667,0.32484844068935714,0.20956537,0.21882425,0.21363056,0.20956418
