,Ave,CRPS,DFL-0
0,0.3333333333333333,0.15724933,0.1869
1,0.3333333333333333,0.48564297,0.6784
2,0.3333333333333333,0.35710767,0.1347
