,Expert1,Expert2,Ave,CRPS,DF_0,DF_0.1,DF_1,invW-0,invW-0.1,invW-1,invW-inf
0,1,0,0.5,0.5317961,0.40892324,0.5,0.53593355,0.4187680053175187,0.4191730212290617,0.4226786168548754,0.5209176754532722
1,0,1,0.5,0.46820393,0.5910768,0.5,0.46406648,0.5812319946824812,0.5808269787709383,0.5773213831451247,0.4790823245467279
