,Quantile,risk_aversion,Expert1,Expert2,Ave,CRPS,DF_0,DF_0.1,DF_1,invW-0,invW-0.1,invW-1,invW-inf
0,0.2,0,68.43720000417657,51.565199819299615,26.84200021267492,27.002999934776234,26.146000515007607,26.84200021267492,27.00300046297154,26.281600490181994,26.281600975553506,26.48160014979354,26.817199918526114
