,Quantile,risk_aversion,Expert1,Expert2,Ave,CRPS,DF_0,DF_0.1,DF_1,invW-0,invW-0.1,invW-1,invW-inf
0,0.2,0,8.994863962357474,10.110110144949225,6.538952860423129,6.515678843231198,6.740514548966188,6.538952860423129,6.514442470817203,6.709087404828913,6.707844521479107,6.697252055215962,6.5208987799803735
