,Expert1,Expert2,Ave,CRPS,Insample
0,1,0,0.5,0.5741345,0.3826660905285574
1,0,1,0.5,0.42586544,0.6173339094714425
