,Expert1,Expert2,Ave,CRPS,DF_0,DF_0.1,DF_1,invW-0,invW-0.1,invW-1,invW-inf
0,1,0,0.5,0.52420264,0.4023107,0.5217629,0.5290987,0.4187680053175187,0.4191730212290617,0.4226786168548754,0.5209176754532722
1,0,1,0.5,0.4757973,0.5976893,0.4782371,0.4709013,0.5812319946824812,0.5808269787709383,0.5773213831451247,0.4790823245467279
