,Expert1,Expert2,Ave,CRPS,DF_0,Insample
0,1,0,0.5,0.6363293,0.44484633,0.49178093599368033
1,0,1,0.5,0.36367074,0.5551537,0.5082190640063197
