,Quantile,risk_aversion,Expert1,Expert2,Ave,CRPS,Insample
0,0.1,0.01,79.55704427206132,44.145654647164825,18.973696446799917,19.282179178239044,18.378077312002265
