,Quantile,risk_aversion,Expert1,Expert2,Ave,CRPS,DF_0,DF_0.1,DF_1,invW-0,invW-0.1,invW-1,invW-inf
0,0.2,0,68.43720000417657,51.565199819299615,26.84200021267492,26.812800274581505,26.20160008508433,26.78720025130923,26.92260002338983,26.281600490181994,26.281600975553506,26.48160014979354,26.817199918526114
