,Quantile,risk_aversion,Expert1,Expert2,Ave,CRPS,Insample
0,0.1,0.01,8.860592626573144,10.564587723806246,6.10178763916591,6.054841775006107,6.500567277232048
