,Quantile,risk_aversion,Expert1,Expert2,Ave,CRPS,DF_0,Insample
0,0.2,0.01,7.9047987441022185,11.401114962706297,5.953517455267661,5.7518933043386085,6.191365738403898,5.983253535167794
