,Quantile,risk_aversion,Expert1,Expert2,Ave,CRPS,DF_0,DF_0.1,DF_1,invW-0,invW-0.1,invW-1,invW-inf
0,0.2,0,8.994863962357474,10.110110144949225,6.538952860423129,6.519022220897775,6.762935611284392,6.520390991105597,6.51670730221572,6.709087404828913,6.707844521479107,6.697252055215962,6.5208987799803735
