,Quantile,risk_aversion,Expert1,Expert2,Ave,CRPS,DF_0,Insample
0,0.2,0.01,66.46826501535143,60.30041519094422,22.839285055847412,23.503554096883466,22.548841808098665,22.841029094498104
