,Quantile,risk_aversion,Target,CRPS-LR,CRPS-MLP,SalvaBench-LR,SalvaBench-MLP,DF-LR_0,DF-MLP_0,DF-LR_0.1,DF-MLP_0.1,DF-LR_1,DF-MLP_1
0,0.1,0.01,2,1.614878079994541,1.6529571333854516,2.1729568313968013,2.218915908304769,1.6545362168228412,1.6306766898289204,1.6239266559139673,1.6477827026319465,1.6102601009633128,1.6315580065708748
1,0.2,0.01,2,2.361431176518897,2.417973699323423,2.573935484307048,2.855883003086305,2.3788084298317442,2.4039919508619993,2.379004713562042,2.3770171440114907,2.3654489216351386,2.3805908585569706
2,0.3,0.01,2,2.8029399046416548,2.8312178711439806,2.986445131940649,3.0327858941025188,2.820547324930694,2.819564366379191,2.8033930170895136,2.817640239436679,2.8059062628621207,2.820429307498799
3,0.4,0.01,2,3.010364837450521,2.9822945932826728,3.079162644322148,3.0454761618093467,3.0198194430116603,3.0269204096378,3.020123406699034,3.0314892407860676,3.040686865519632,2.996331098013437
