,Quantile,risk_aversion,Target,CRPS-LR,CRPS-MLP,SalvaBench-LR,SalvaBench-MLP,DF-LR_0,DF-MLP_0,DF-LR_0.1,DF-MLP_0.1,DF-LR_1,DF-MLP_1
0,0.1,0.2,1,3.7800271187734054,3.750289756283457,3.807328078240133,4.269278020278517,3.8545545220684376,3.808198433791858,3.8273967405008285,3.7918011432157046,3.7801560665632707,3.788746247851877
1,0.2,0.2,1,3.762916458622924,3.784958232783797,3.8934425018803163,4.269278020278517,3.8182104614259234,3.791270596918402,3.825164999704768,3.7677052883019995,3.7849834741582655,3.7936123103187405
2,0.3,0.2,1,3.7980608711919985,3.7532204058957683,3.904617425687351,3.9916968907901875,3.808551945631708,3.7897573635948514,3.8027821208330046,3.779192742971654,3.7887041847424445,3.784225802749
3,0.4,0.2,1,3.768193073956759,3.7559949508558836,3.85919391193736,3.7939902627861857,3.8009818468688006,3.7649796335169308,3.7699653282275367,4.269278020278517,3.7668011040323384,3.767792751504969
4,0.5,0.2,1,3.7785088712163866,3.7821522468693414,3.8003221140902426,3.794492297525727,3.7581998401226446,3.7658977168336563,3.7870311493531963,3.777329786567897,3.759899530054087,3.766454848653896
