,Quantile,risk_aversion,Target,CRPS-LR,CRPS-MLP,SalvaBench-LR,SalvaBench-MLP,DF-LR_0,DF-MLP_0,DF-LR_0.1,DF-MLP_0.1,DF-LR_1,DF-MLP_1
0,0.1,0.01,1,1.2849574310805847,1.289873857066175,1.2895557309517716,1.2832768665566687,1.2753443719270914,1.2797773662222292,1.296003076045569,1.2846045326042335,1.2838374001281903,1.291570025794747
1,0.2,0.01,1,1.9990443120482693,2.005341728179219,2.0184541258891144,2.0220227819948744,2.0123234261009277,1.9879906093370987,2.0176814711685824,1.9988203639856188,2.0136190862462997,1.996361345687612
