,Quantile,risk_aversion,Target,CRPS-LR,CRPS-MLP,SalvaBench-LR,SalvaBench-MLP,DF-LR_0,DF-MLP_0,DF-LR_0.1,DF-MLP_0.1,DF-LR_1,DF-MLP_1
0,0.1,0.01,1,1.2596335842300261,1.2715903427661284,1.436934262260626,1.5707882380539229,1.2850801067614912,1.2968269762241489,1.276737776968229,1.2839411710010291,1.284798460449022,1.283337560432646
1,0.2,0.01,1,1.96901528632336,1.9820663263189935,2.0920232040230298,2.2751244021312913,2.0285908629699514,2.0636998077234345,2.024923234383466,2.0488661826105568,2.031777326332997,2.0434443134340894
2,0.3,0.01,1,2.3748816782573017,2.3781465886994013,2.467515828333587,2.7165002739298396,2.3313502392748178,2.4311357167854295,2.4533805237717807,2.4419060491059956,2.438268065475005,2.7165002767093847
3,0.4,0.01,1,2.567585686654445,2.5746355899240307,2.614726909635078,2.65597674659518,2.6746147243838494,2.6341564217400393,2.58331016649539,2.633419265397291,2.6479630244133485,2.5806080841847607
