,Quantile,risk_aversion,Target,CRPS-LR,CRPS-MLP,SalvaBench-LR,SalvaBench-MLP,DF-LR_0,DF-MLP_0,DF-LR_0.1,DF-MLP_0.1,DF-LR_1,DF-MLP_1
0,0.1,0.2,3,4.170928655184955,4.1582277440204525,4.4941412692142055,5.2640293036306085,4.161989980350932,4.141146153168933,4.141032277257028,4.133667449137441,4.140882169787466,4.168725090980828
1,0.2,0.2,3,4.161173724448532,4.137786797447104,4.400782100363968,5.264026030083974,4.242804822393497,4.132239369649185,4.159746773984022,4.142518071405432,4.146728132340871,4.180006752783329
2,0.3,0.2,3,4.163119522238843,4.13733453993942,4.484645123163466,4.36393274891144,4.168385846565163,4.145107503721894,4.1582142152782895,4.140593908063144,4.139788381726962,4.154324303177125
3,0.4,0.2,3,4.153421374295819,4.144294448915186,4.267026603493746,4.298831387685539,4.205810396768385,4.170839203195721,4.189357235685021,4.155134298071383,4.145651404515985,4.169964527175939
