,Quantile,risk_aversion,Target,CRPS-LR,CRPS-MLP,SalvaBench-LR,SalvaBench-MLP,DF-LR_0,DF-MLP_0,DF-LR_0.1,DF-MLP_0.1,DF-LR_1,DF-MLP_1
0,0.1,0.01,2,4.40627642030386,4.345603066544887,5.074237056322963,5.076034717836769,4.762166833336076,4.608325567808734,4.701127589702931,4.489042700864816,4.48103838116361,4.404218216678334
