,Quantile,risk_aversion,Target,CRPS-LR,CRPS-MLP,SalvaBench-LR,SalvaBench-MLP,DF-LR_0,DF-MLP_0,DF-LR_0.1,DF-MLP_0.1,DF-LR_1,DF-MLP_1
0,0.1,0.01,1,3.783019260942532,3.771106894668624,3.9680106155275605,3.8874384256796937,3.9350015236356164,3.8831754628546387,3.949487356987263,3.880919510667149,3.7890413481612524,3.8032737437690383
1,0.2,0.01,1,3.7897824128852675,3.7826637091619273,3.8110014648437702,3.81631982876312,3.7925378562192824,3.8140050173902367,3.795426370522249,3.778196682623357,3.802905416510786,3.7855927123935493
