,Quantile,risk_aversion,Target,CRPS-LR,CRPS-MLP,SalvaBench-LR,SalvaBench-MLP,DF-LR_0,DF-MLP_0,DF-LR_0.1,DF-MLP_0.1,DF-LR_1,DF-MLP_1
0,0.1,0.2,3,1.4598754520569857,1.4491941702906237,1.5970134104123395,2.1831713263783836,1.4533003905899553,1.448830460989817,1.4466093974749006,1.4468225437528202,1.4495922279066085,1.4546201447324314
1,0.2,0.2,3,1.9359300906991492,1.922149147894342,2.087768251056732,2.807321716608322,1.9428020906441876,1.9092402089159872,1.9116553182313665,1.9132772957641315,1.9199937035847203,1.9298024657441817
2,0.3,0.2,3,2.2615914022567885,2.2415821369226654,2.536064199575379,2.382467517161974,2.2485461765330848,2.2286830842507337,2.234634294949378,2.232940252616956,2.235393093207506,2.24478934122153
3,0.4,0.2,3,2.4657602918510975,2.4379318590927324,2.5785880361533797,2.6160745866849107,2.4732070926164718,2.4504059203810913,2.4604155402680834,2.4456459058384694,2.4302287835112226,2.4556238380871815
