,Quantile,risk_aversion,Target,CRPS-LR,CRPS-MLP,SalvaBench-LR,SalvaBench-MLP,DF-LR_0,DF-MLP_0,DF-LR_0.1,DF-MLP_0.1,DF-LR_1,DF-MLP_1
0,0.1,0.2,2,4.438283263814925,4.4754893402612925,4.6469262320517295,5.076034719875104,4.491751209406577,4.5306126217816445,4.486952184110632,4.530678001743641,4.448273068836539,4.455449381014672
1,0.2,0.2,2,4.438350509474462,4.4336031066272295,4.77938134369424,5.076034719875104,4.524751513913172,4.543369881280358,4.489690047502799,4.543784206688926,4.441027238023613,4.468184163407464
2,0.3,0.2,2,4.437025019437702,4.4342840506311285,4.599976842808953,4.53031875416049,4.479101156797321,4.516366556989293,4.504673255675974,4.520570777228543,4.455969257296427,4.477333409130684
3,0.4,0.2,2,4.438337640367098,4.4372492751634685,4.47778495796625,4.487854085474342,4.504116789178609,4.504178345919889,4.514379928642843,4.509384889010402,4.451590910088118,4.456648022976743
4,0.5,0.2,2,4.4335609915727545,4.435054286418987,4.448946165718724,4.442195816484977,4.454985347118106,4.476339820089605,4.47005066908542,4.512853369906567,4.442376624385856,4.451186507063325
5,0.6,0.2,2,4.437976377050962,4.449345148033534,4.476431753873613,4.473402795538108,4.474510344021514,4.4817166500269945,4.463831403145821,4.503107971161832,4.450868033068182,4.477566751910674
6,0.7,0.2,2,4.43808758163609,4.446646518563126,4.492042570648257,4.509877063264853,4.498055454875638,4.4805195835701,4.469088108229767,4.432706245529388,4.455848849699678,4.452384025061007
7,0.8,0.2,2,4.433787968991429,4.444225418690033,4.537202103734024,5.076034719875104,4.443573481158645,4.451971919945621,4.460598488222764,4.553241825490882,4.444049851406049,4.482114195079225
8,0.9,0.2,2,4.437672370034809,4.443629163939152,5.0759884529008135,5.076034719875104,4.441349396346522,4.446858471281236,4.455575942878131,5.076034719839298,4.449129466062547,4.432854466435112
