,Quantile,risk_aversion,Target,CRPS-LR,CRPS-MLP,SalvaBench-LR,SalvaBench-MLP,DF-LR_0,DF-MLP_0,DF-LR_0.1,DF-MLP_0.1,DF-LR_1,DF-MLP_1
0,0.1,0.01,1,3.7516072800420677,3.7604354293685622,4.100920697302692,4.2692780184662995,3.825876567120396,3.861911167750023,3.9070779858856493,3.8486498572275742,3.842084894057143,3.850045735242899
1,0.2,0.01,1,3.7358889970098215,3.75343582329572,4.015367469374985,4.269278020278517,3.8416808807684637,3.9606967034425224,3.9233305172775035,3.8535016338159216,3.8994174234398478,3.8758317267553672
2,0.3,0.01,1,3.753869052737525,3.79819598658055,3.922022020038863,4.2692775856768135,3.756697417177553,3.7899422256969,3.8858010341730926,3.806557573581841,3.8512058665850204,4.268574407345315
3,0.4,0.01,1,3.755923710748104,3.745277235829424,3.8210047872020043,3.8952470355467312,3.9500551118596223,3.8019846079783806,3.790534489988094,3.79672149161619,3.836603401223532,3.7629013036483068
