,Quantile,risk_aversion,Target,CRPS-LR,CRPS-MLP,SalvaBench-LR,SalvaBench-MLP,DF-LR_0,DF-MLP_0,DF-LR_0.1,DF-MLP_0.1,DF-LR_1,DF-MLP_1
0,0.1,0.01,2,1.6318982874587815,1.6752583908505072,2.211353386365024,2.218912004557945,1.6631216033967957,1.6590584646140742,1.6647817647579797,1.6077361077578747,1.633688330292962,1.6242599955290808
