,Quantile,risk_aversion,Target,CRPS-LR,CRPS-MLP,SalvaBench-LR,SalvaBench-MLP,DF-LR_0,DF-MLP_0,DF-LR_0.1,DF-MLP_0.1,DF-LR_1,DF-MLP_1
0,0.1,0.2,2,4.438283263814925,4.4754893402612925,4.6469262320517295,5.076034719875104,4.491751209406577,4.5306126217816445,4.486952184110632,4.530678001743641,4.448273068836539,4.455449381014672
1,0.2,0.2,2,4.438350509474462,4.4336031066272295,4.77938134369424,5.076034719875104,4.524751513913172,4.543369881280358,4.4896900475027985,4.543784206688926,4.441027238023613,4.468184163407464
2,0.3,0.2,2,4.437025019437702,4.4342840506311285,4.599976842808953,4.53031875416049,4.479101156797321,4.516366556989293,4.504673255675974,4.520570777228543,4.455969257296427,4.477333409130684
3,0.4,0.2,2,4.438337640367098,4.4372492751634685,4.47778495796625,4.487854085474342,4.504116789178609,4.504178345919889,4.514379928642843,4.509384889010402,4.451590910088118,4.456648022976743
