,Quantile,risk_aversion,Target,knn,cart,rf,Ave,Insample,SalvaBench,CRPS,DF_0,DF_0.1,DF_1
0,0.1,0.5,1,1.6643380005430566,1.9240653197503232,1.5533496768677546,1.5775862947865567,1.5704239531818671,1.5517843075035755,1.544284556108868,1.5530259938553184,1.5529738157995716,1.5469671702007972
1,0.2,0.5,1,1.8979908163022665,2.1910397094957053,1.767384807397548,1.7982694060379292,1.7879529554589415,1.752641668726073,1.7585820126806806,1.75238188741016,1.7537324032926114,1.754233485299983
