,Quantile,risk_aversion,Target,knn,cart,rf,Ave,Insample,SalvaBench,CRPS,DF_0,DF_0.1,DF_1
0,0.1,0.5,1,1.6643380005430566,1.9240653197503232,1.5533496768677546,1.5775862947865567,1.5704239531818671,1.5517843075035755,1.544284556108868,1.5530259938553184,1.5529738157995716,1.5469671702007972
1,0.2,0.5,1,1.8979908163022665,2.1910397094957053,1.767384807397548,1.7982694060379292,1.7879529554589415,1.752641668726073,1.7585820126806806,1.75238188741016,1.7537324032926114,1.754233485299983
2,0.3,0.5,1,2.0678568480481245,2.378223038917596,1.910508458159381,1.9565255764974632,1.9405822662699241,1.9018886588922896,1.899918642404021,1.9044768982905862,1.9043938768916007,1.9004993049634957
3,0.4,0.5,1,2.1941874617359978,2.5338890116230783,2.002128547606883,2.05264003591623,2.037039988994329,1.9958008878445916,1.994552898045285,1.996521620430521,1.9966941449763496,1.9964921798087183
4,0.5,0.5,1,2.237556754657579,2.604326310715483,2.0355747801839015,2.09554157820324,2.0815864435756697,2.0257138872466793,2.027227777282634,2.025967795210145,2.028332128149534,2.026708840861214
