,Quantile,risk_aversion,Target,Model-0,Model-1,Model-2,Model-3,Model-4,Model-5,Model-6,Model-7,Model-8,Ave,Insample,SalvaBench,CRPS,DF_0,DF_0.1,DF_1,CRPS-LR,CRPS-MLP,SalvaBench-LR,SalvaBench-MLP,DF-LR_0,DF-MLP_0,DF-LR_0.1,DF-MLP_0.1,DF-LR_1,DF-MLP_1
0,0.7,0.5,Z1,10.115032046932782,8.92636779217521,10.2717649955012,11.686072491192961,11.945301960297904,4.096765857605248,4.221374006874223,5.94460044232603,14.351591280467646,6.453225739606936,4.965401939962759,3.9074654117279337,3.9968190244769155,3.936686221482614,3.93912772407908,3.925872363844092,3.922195571308401,3.929440605784406,3.9408904094153234,3.9168398289688136,3.8996862727741237,3.869089823082736,3.918984509239433,3.911122096161553,3.913062900983375,3.904222155554659
