,Quantile,risk_aversion,Target,Model-0,Model-1,Model-2,Model-3,Model-4,Model-5,Model-6,Model-7,Model-8,Ave,Insample,SalvaBench,CRPS,DF_0.1,CRPS-LR,CRPS-MLP,SalvaBench-LR,SalvaBench-MLP,DF-LR_1
0,0.2,0.5,Z1,9.536848145734703,9.036344445662662,9.671702038743074,11.895405644148155,12.069025353390344,3.6959175938007647,3.9253206186736387,5.184863540554694,14.684972469943801,5.579460328035313,4.09869190108012,3.497745076283317,3.510568247518587,3.5258921869422823,3.469945237480243,3.485683945750126,3.4956212614474693,3.6146405648794144,3.476093264465839
