,Quantile,risk_aversion,Target,Model-0,Model-1,Model-2,Model-3,Model-4,Model-5,Model-6,Model-7,Model-8,Ave,Insample,SalvaBench,CRPS,DF_0.1,CRPS-LR,CRPS-MLP,SalvaBench-LR,SalvaBench-MLP,DF-LR_1,DF_0,DF_1,DF-LR_0,DF-MLP_0,DF-LR_0.1,DF-MLP_0.1,DF-MLP_1
0,0.2,0.5,Z1,9.536848145734703,9.036344445662662,9.671702038743074,11.895405644148155,12.069025353390344,3.6959175938007647,3.925320618673639,5.184863540554694,14.6849724699438,5.579460328035313,4.09869190108012,3.497745076283317,3.510568247518587,3.5258921869422823,3.469945237480243,3.485683945750126,3.4956212614474693,3.6146405648794144,3.476093264465839,,,,,,,
1,0.8,0.5,Z2,10.005162532526485,9.513299730783059,8.895904125849743,9.728165016088749,10.035853235060486,9.84535036244444,10.1005741543048,9.967873160962542,9.248375178329384,6.889283094754048,6.870753223872198,6.49218585819438,6.575437574480328,6.671453891264267,6.08312537976991,6.094873330056247,6.2643835375195165,6.328055536436709,6.146747118346614,6.672768196783695,6.686930176588923,6.165144603402015,6.130548957300548,6.125357838277961,5.996434293936409,5.850047994404754
