,Quantile,risk_aversion,Target,Model-0,Model-1,Model-2,Model-3,Model-4,Model-5,Model-6,Model-7,Model-8,Ave,Insample,SalvaBench,CRPS,DF_0.1,CRPS-LR,CRPS-MLP,SalvaBench-LR,SalvaBench-MLP,DF-LR_1,DF_0,DF_1,DF-LR_0,DF-MLP_0,DF-LR_0.1,DF-MLP_0.1,DF-MLP_1
0,0.2,0.5,Z1,9.536848145734703,9.036344445662662,9.671702038743074,11.895405644148155,12.069025353390344,3.6959175938007647,3.925320618673639,5.184863540554694,14.6849724699438,5.579460328035313,4.09869190108012,3.497745076283317,3.510568247518587,3.5258921869422823,3.469945237480243,3.485683945750126,3.4956212614474693,3.6146405648794144,3.476093264465839,,,,,,,
1,0.2,0.5,Z2,8.96742266895167,9.476685820980046,8.581433592333699,10.186776983629645,10.439156545427364,8.799343704250951,9.163169513965563,8.38884976659482,9.704428358286933,6.446852498826343,6.5158184767005825,6.032954072945601,6.01286450891017,6.039112306908082,5.692297199259707,5.739947765178344,5.734731153142069,5.721736998474169,5.7099616877081445,6.025196801723659,6.134121654245024,5.759683818644737,5.533113314482764,5.799558777204584,5.52605314419458,5.568208826222422
