,Quantile,risk_aversion,Target,CRPS-LR,CRPS-MLP,SalvaBench-LR,SalvaBench-MLP,DF-LR_1,DF-MLP_1
0,0.2,0.5,Z1,4.04,4.17,4.19,4.22,4.08,4.07
1,0.2,0.5,Z2,6.77,6.3,6.61,6.47,6.710000000000001,6.959999999999999
2,0.2,0.5,Z3,5.66,5.7299999999999995,6.05,5.970000000000001,5.74,5.81
3,0.2,0.5,Z4,5.42,5.38,5.949999999999999,5.74,5.4,5.08
