,Quantile,risk_aversion,Target,Model-0,Model-1,Model-2,Model-3,Model-4,Model-5,Model-6,Model-7,Model-8,Ave,Insample,SalvaBench,CRPS,DF_0,DF_0.1,DF_1,CRPS-LR,CRPS-MLP,SalvaBench-LR,SalvaBench-MLP,DF-LR_1,DF-MLP_1
0,0.2,0.5,Z1,9.536848145734705,9.036344445662662,9.671702038743074,11.895405644148155,12.069025353390348,3.6959175938007647,3.9253206186736387,5.184863540554696,14.684972469943801,5.579460328035314,4.098691901080133,3.497742709238149,3.5289812095089537,3.6471679366248866,3.548801100900139,3.4919059092324782,3.4803833964279276,3.4831727488086184,3.4908057189036508,3.5145090611355028,3.4668696781466237,3.4985060873334715
1,0.2,0.5,Z2,8.96742266895167,9.476685820980046,8.581433592333699,10.186776983629645,10.439156545427364,8.799343704250951,9.163169513965563,8.38884976659482,9.704428358286933,6.446852498826343,6.5158184767005825,6.032948350138436,6.047233341690463,6.056417425370383,6.073606105115369,6.187756411882939,5.973349928207508,5.737815531816915,5.715077852964128,5.705310811134014,6.084405738805461,6.205922487798472
2,0.2,0.5,Z3,7.575733045772323,9.708266058525417,10.67504524094685,11.349382337448406,11.837461338587502,8.682254239198334,9.071408158587083,7.43373348394141,10.952510776062995,7.326675081446766,7.196054624988695,6.5627125633156,6.67178866633875,7.310739684089682,7.308907722258757,7.308027769881583,6.424868576000701,6.505052754984131,6.380583774953301,6.339651324202242,6.5187885194366775,6.537771277313165
3,0.2,0.5,Z4,8.72121023967734,7.883339980412217,10.111221578999308,6.103765655994027,6.293299120750059,9.033168347853165,9.284537628544479,8.74944926017235,10.865757281104813,5.836914206444109,5.488893498423898,4.65531838095912,4.736438608103769,4.814359308790651,4.744358289594777,4.705684937848294,4.389215047008056,4.2690866922877255,4.624249718942956,4.54609266231501,4.403109361544794,4.218518287411175
