,Quantile,risk_aversion,Target,Model-0,Model-1,Model-2,Model-3,Model-4,Model-5,Model-6,Model-7,Model-8,Ave,Insample,SalvaBench,CRPS,DF_0,DF_0.1,DF_1,DF_10
0,0.2,0.5,Z1,10.33,11.09,10.79,13.79,14.23,4.47,4.51,5.53,16.470000000000002,6.859999999999999,4.92,4.14,4.09,4.14,4.109999999999999,4.07,4.07
1,0.2,0.5,Z2,8.870000000000001,11.02,9.48,11.88,12.48,8.97,9.08,7.99,11.97,7.140000000000001,7.109999999999999,6.67,6.75,6.890000000000001,6.84,6.74,6.76
2,0.2,0.5,Z3,6.4799999999999995,8.93,9.98,11.68,12.389999999999999,7.57,7.66,5.949999999999999,11.86,6.74,6.460000000000001,5.7,5.92,5.6899999999999995,5.72,5.8500000000000005,5.87
