,knn,cart,rf,Ave,invW-0,invW-0.001,invW-0.01,invW-inf,CRPS,DF_0,DF_0.1,DF_1,invW-0.1,invW-1
0,1.0,0.0,0.0,0.3333333333333333,0.3308888093040989,0.3308888090904445,0.33088880716755603,0.32735984158501796,0.22462545,0.21847014,0.20937468,0.20935348,0.3308887879387866,0.3308885956626168
1,0.0,1.0,0.0,0.3333333333333333,0.3401274146883711,0.3401274151538224,0.3401274193428808,0.3477917177256249,0.5631171,0.68084484,0.5851545,0.5850589,0.34012746123321347,0.3401278801113566
2,0.0,0.0,1.0,0.3333333333333333,0.3289837760075299,0.32898377575573307,0.32898377348956304,0.32484844068935714,0.21225749,0.10068512,0.20547083,0.20558754,0.32898375082799974,0.32898352422602667
