,knn,cart,rf,Ave,invW-0,invW-0.001,invW-0.01,invW-inf,CRPS,DF_0
0,1.0,0.0,0.0,0.3333333333333333,0.3325327077027162,0.33253270767381105,0.33253270741366503,0.32735984158501796,0.22462545,0.33333334
1,0.0,1.0,0.0,0.3333333333333333,0.3360664401483216,0.33606644021431736,0.33606644080827924,0.3477917177256249,0.5631171,0.33333334
2,0.0,0.0,1.0,0.3333333333333333,0.3314008521489622,0.33140085211187154,0.33140085177805584,0.32484844068935714,0.21225749,0.33333334
