,risk_aversion,Target,knn,cart,rf,Ave,Insample,CRPS,DF_0,DF_0.001,DF_0.01,Perfect
0,0.2,2,882.8657386697674,708.2739508086433,966.6924802545434,157.5698150059705,155.73068307833128,126.20719804235738,152.4699612643349,130.54240345263904,129.4827613429178,0
