,knn,cart,rf,Ave,Insample,CRPS,DF_0,DF_0.001,DF_0.01
0,1.0,0.0,0.0,0.3333333333333333,0.3308888093040989,0.27592787,0.3278239,0.2582503,0.27203178
1,0.0,1.0,0.0,0.3333333333333333,0.3401274146883711,0.46332595,0.34994817,0.49838424,0.5066898
2,0.0,0.0,1.0,0.3333333333333333,0.3289837760075299,0.2607462,0.32222798,0.24336544,0.22127844
