,risk_aversion,Target,knn,cart,rf,Ave,invW-0,invW-0.001,invW-0.01,invW-inf,CRPS,DF_0,DF_0.1,DF_1,invW-0.1,invW-1,Perfect
0,0.2,2,394.7886527555509,426.0345622990453,433.02350129806956,292.92742463824794,292.83851218581884,292.83851218581884,292.83851218581884,292.9896451571537,298.36987654115944,307.2818638711239,299.1869803219438,299.1865513592658,292.83851218581884,292.83851218581884,0
